"S";";";"false";"aggr";"aggr_stg";"dt_riferimento|s,c_key|s,ndg_gruppo|s,cod_fiscale|s,tipo_segmne|s,segmento|s,tipo_motore|s,cd_istituto|s,ndg|s,rae|s,sae|s,tp_ndg|s,prov_segm|s,fonte_segmento|s,utilizzo_cr|d,accordato_cr|d,databil|s,strutbil|s,fatturbil|d,attivobil|d,codimp_cebi|s,tot_acco_agr|d,tot_util_agr|d,n058_int_vig|s";"NESSUNO"
"S";";";"false";"aggrd";"aggrd_stg";"dt_riferimento|s,c_key|s,ndg_gruppo|s,cod_fiscale|s,tipo_segmne|s,segmento|s,tipo_motore|s,cd_istituto|s,ndg|s,rae|s,sae|s,tp_ndg|s,prov_segm|s,fonte_segmento|s,utilizzo_cr|d,accordato_cr|d,databil|s,strutbil|s,fatturbil|d,attivobil|d,codimp_cebi|s,tot_acco_agr|d,tot_util_agr|d,n058_int_vig|s";"NESSUNO"
"S";";";"false";"cidefn";"cidefn_stg";"cd_isti|s,ndg_principale|s,cod_cr|s,dt_inizio_ciclo|i,dt_ingresso_status|i,status_ingresso|s,dt_uscita_status|s,status_uscita|s,dt_fine_ciclo|s,indi_pastdue|s,indi_impr_priv|s";"NESSUNO"
"S";";";"false";"cidef";"cidef_stg";"cd_isti|s,ndg_principale|s,cod_cr|s,dt_inizio_ciclo|i,dt_ingresso_status|i,status_ingresso|s,dt_uscita_status|s,status_uscita|s,dt_fine_ciclo|s,indi_pastdue|s,indi_impr_priv|s";"NESSUNO"
"S";";";"false";"cdefd";"cdefd_stg";"cd_isti|s,ndg_principale|s,cod_cr|s,dt_inizio_ciclo|i,dt_ingresso_status|i,status_ingresso|s,dt_uscita_status|s,status_uscita|s,dt_fine_ciclo|s,indi_pastdue|s,indi_impr_priv|s";"NESSUNO"
"S";";";"false";"cidefd";"cidefd_stg";"cd_isti|s,ndg_principale|s,cod_cr|s,dt_inizio_ciclo|i,dt_ingresso_status|i,status_ingresso|s,dt_uscita_status|s,status_uscita|s,dt_fine_ciclo|s,indi_pastdue|s,indi_impr_priv|s";"NESSUNO"
"S";";";"false";"cfco";"cfco_stg";"dt_riferimento|s,c_key|s,cod_fiscale|s";"NESSUNO"
"S";";";"false";"ckey";"ckey_stg";"dt_riferimento|s,c_key|s,ndg_gruppo|s,cd_istituto|s,ndg|s,tipo_ndg|s,cod_fiscale|s,flag_pr|s";"NESSUNO"
"S";";";"false";"comp";"comp_stg";"dt_riferimento|s,c_key|s,tipo_segmne|s,cd_istituto|s,ndg|s";"NESSUNO"
"S";";";"false";"compd";"compd_stg";"dt_riferimento|s,c_key|s,tipo_segmne|s,cd_istituto|s,ndg|s";"NESSUNO"
"S";";";"false";"cont";"cont_stg";"ndggraggr_legante|s,ndggraggr_legato|s,tipo_coll|s,abi|s,tipo_contagio|s,id_elaborazione_aggregato|s,datarif|s,ndggragr_contagiato|s,saldo_pdue_legante|s,sconfino_pdue_legante|s,saldo_pdue_legato|s,sconfino_pdue_legato|s,agg_fl_pdue_contagio|s,agg_fl_utp_contagio|s,agg_fl_utp_proposto_contagio|s,stadio_motore|s,riciclo|s,ver_motore|s,datagen|s,tipo_elab|s,rel_motore|s,dataelab|s,id_elaborazione_contagio|s,tipo_motore|s";"NESSUNO"
"S";";";"false";"gara";"gara_stg";"cd_istituto|s,ndg|s,sportello|s,dt_riferimento|i,conto_esteso|s,cd_puma2|s,ide_garanzia|s,importo|s,fair_value|s";"NESSUNO"
"S";";";"false";"movcool";"movcool_stg";"mo_dt_riferimento|s,mo_istituto|s,mo_ndg|s,mo_sportello|s,mo_conto|s,mo_conto_esteso|s,mo_num_soff|s,mo_cat_rapp_soff|s,mo_fil_rapp_soff|s,mo_num_rapp_soff|s,mo_id_movimento|s,mo_categoria|s,mo_causale|s,mo_dt_contabile|s,mo_dt_valuta|s,mo_imp_movimento|d,mo_flag_extracont|s,mo_flag_storno|s,istituto_xx|s,ndg_xx|s,desc_id_mov|s";"NESSUNO"
"S";";";"false";"paspe";"paspe_stg";"cd_istituto|s,ndg|s,datacont|s,causale|s,importo|s";"NESSUNO"
"S";";";"false";"paspegrp";"paspegrp_stg";"cd_istituto|s,ndg|s,datacont|s,causale|s,importo|s";"NESSUNO"
"S";";";"false";"posi";"posi_stg";"dt_riferimento|s,cd_istituto|s,ndg|s,c_key|s,cod_fiscale|s,ndg_gruppo|s,bo_acco|d,bo_util|d,tot_add_sosp|d,tot_val_intr|d,ca_acco|d,ca_util|d,fl_incaglio|s,fl_soff|s,fl_inc_ogg|s,fl_ristr|s,fl_pd_90|s,fl_pd_180|s,util_cassa|d,fido_op_cassa|d,utilizzo_titoli|d,esposizione_titoli|d";"NESSUNO"
"S";";";"false";"posid";"posid_stg";"dt_riferimento|s,cd_istituto|s,ndg|s,c_key|s,cod_fiscale|s,ndg_gruppo|s,accordato_bo|d,utilizzato_bo|d,tot_add_sosp|d,tot_val_intr_ps|d,accordato_ca|d,utilizzato_ca|d,fl_utp|s,fl_sofferenza|s,fl_utpf|s,fl_pastdue|s,util_cassa|d,fido_op_cassa|d,utilizzo_titoli|d,esposizione_titoli|d,fl_contagio|s,fl_pastd_tecnico|s,n203_gg_pastdue|s,n205_gg_cure|s,sconf_pdue|d,saldo_pdue|d,segm_pastdue|s,accordato_bo_op|d,accordato_ca_op|d";"NESSUNO"
"S";";";"false";"posn";"posn_stg";"dt_riferimento|i,cd_istituto|s,ndg|s,c_key|s,cod_fiscale|s,ndg_gruppo|s,bo_acco|s,bo_util|s,tot_add_sosp|s,tot_val_intr|s,ca_acco|s,ca_util|s,fl_incaglio|s,fl_soff|s,fl_inc_ogg|s,fl_ristr|s,fl_pd_90|s,fl_pd_180|s,util_cassa|s,fido_op_cassa|s,utilizzo_titoli|s,esposizione_titoli|s";"NESSUNO"
"S";";";"false";"prasof";"prasof_stg";"pr_dt_riferimento|i,pr_istituto|s,pr_ndg|s,pr_tipo|s,pr_dt_inizio|i,pr_dt_riapertura|s,pr_dt_chiusura|s,pr_stato_finale|s,pr_num_soff|s,pr_saldo_posiz|s,pr_saldo_posiz_contab|s,pr_num_mov_tipo_imp01|s,pr_tot_mov_tipo_imp01|s,pr_num_mov_tipo_imp02|s,pr_tot_mov_tipo_imp02|s,pr_num_mov_tipo_imp03|s,pr_tot_mov_tipo_imp03|s,pr_num_mov_tipo_imp04|s,pr_tot_mov_tipo_imp04|s,pr_num_mov_tipo_imp05|s,pr_tot_mov_tipo_imp05|s,pr_num_mov_tipo_imp06|s,pr_tot_mov_tipo_imp06|s,pr_num_mov_tipo_imp07|s,pr_tot_mov_tipo_imp07|s,pr_num_mov_tipo_imp08|s,pr_tot_mov_tipo_imp08|s,pr_num_mov_tipo_imp09|s,pr_tot_mov_tipo_imp09|s,pr_num_mov_tipo_imp10|s,pr_tot_mov_tipo_imp10|s,pr_num_mov_tipo_imp11|s,pr_tot_mov_tipo_imp11|s,pr_num_mov_tipo_imp12|s,pr_tot_mov_tipo_imp12|s,pr_num_mov_tipo_imp13|s,pr_tot_mov_tipo_imp13|s,pr_tipoerrore|s,pr_saldo_svalutazioni_sal90|s,pr_flagtipoquadradura|s,pr_istituto_orig|s,pr_ndg_orig|s";"NESSUNO"
"S";";";"false";"prasof";"prasof_stg";"pr_dt_riferimento|i,pr_istituto|s,pr_ndg|s,pr_tipo|s,pr_dt_inizio|i,pr_dt_riapertura|s,pr_dt_chiusura|s,pr_stato_finale|s,pr_num_soff|s,pr_saldo_posiz|s,pr_saldo_posiz_contab|s,pr_num_mov_tipo_imp01|s,pr_tot_mov_tipo_imp01|s,pr_num_mov_tipo_imp02|s,pr_tot_mov_tipo_imp02|s,pr_num_mov_tipo_imp03|s,pr_tot_mov_tipo_imp03|s,pr_num_mov_tipo_imp04|s,pr_tot_mov_tipo_imp04|s,pr_num_mov_tipo_imp05|s,pr_tot_mov_tipo_imp05|s,pr_num_mov_tipo_imp06|s,pr_tot_mov_tipo_imp06|s,pr_num_mov_tipo_imp07|s,pr_tot_mov_tipo_imp07|s,pr_num_mov_tipo_imp08|s,pr_tot_mov_tipo_imp08|s,pr_num_mov_tipo_imp09|s,pr_tot_mov_tipo_imp09|s,pr_num_mov_tipo_imp10|s,pr_tot_mov_tipo_imp10|s,pr_num_mov_tipo_imp11|s,pr_tot_mov_tipo_imp11|s,pr_num_mov_tipo_imp12|s,pr_tot_mov_tipo_imp12|s,pr_num_mov_tipo_imp13|s,pr_tot_mov_tipo_imp13|s,pr_tipoerrore|s,pr_saldo_svalutazioni_sal90|s,pr_flagtipoquadradura|s,pr_istituto_orig|s,pr_ndg_orig|s";"NESSUNO"
"S";";";"false";"prasool";"prasool_stg";"pr_dt_riferimento|i,pr_istituto|s,pr_ndg|s,pr_tipo|s,pr_dt_inizio|i,pr_dt_riapertura|s,pr_dt_chiusura|s,pr_stato_finale|s,pr_num_soff|s,pr_saldo_posiz|s,pr_saldo_posiz_contab|s,pr_num_mov_tipo_imp01|s,pr_tot_mov_tipo_imp01|s,pr_num_mov_tipo_imp02|s,pr_tot_mov_tipo_imp02|s,pr_num_mov_tipo_imp03|s,pr_tot_mov_tipo_imp03|s,pr_num_mov_tipo_imp04|s,pr_tot_mov_tipo_imp04|s,pr_num_mov_tipo_imp05|s,pr_tot_mov_tipo_imp05|s,pr_num_mov_tipo_imp06|s,pr_tot_mov_tipo_imp06|s,pr_num_mov_tipo_imp07|s,pr_tot_mov_tipo_imp07|s,pr_num_mov_tipo_imp08|s,pr_tot_mov_tipo_imp08|s,pr_num_mov_tipo_imp09|s,pr_tot_mov_tipo_imp09|s,pr_num_mov_tipo_imp10|s,pr_tot_mov_tipo_imp10|s,pr_num_mov_tipo_imp11|s,pr_tot_mov_tipo_imp11|s,pr_num_mov_tipo_imp12|s,pr_tot_mov_tipo_imp12|s,pr_num_mov_tipo_imp13|s,pr_tot_mov_tipo_imp13|s,pr_tipoerrore|s,pr_saldo_svalutazioni_sal90|s,pr_flagtipoquadradura|s,pr_istituto_orig|s,pr_ndg_orig|s,pr_data_inizio_ciclo|s,pr_desc_cess|s,pr_data_cutoff|s,pr_data_cess|s";"NESSUNO"
"S";";";"false";"rac1";"rac1_stg";"cd_istituto|s,dt_riferimento|i,ndg|s,annomese|s,cont|s,datarif|s,banca|s,prog_rec|s,flag_ban|s,flag_sis|s,provenienza|s,cod_cr|s,ndg_red|s,num_entaff|i,num_nuovi_enti|i,num_ent_nosegn|i,num_ent_trasci|i,num_ric_1info|i,ind_gar_pers|s,versione|s,release|s,tipo_cr|s";"NESSUNO"
"S";";";"false";"ral1";"ral1_stg";"cd_istituto|s,ndg|s,annomese|s,cont|s,conto|s,sportello|s,conto_esteso|s,progr_segmento|s,dt_riferimento|i,cd_prodotto_rischi|s,forma_tecnica|s,dt_accensione|i,dt_estinzione|i,dt_scadenza|i,divisa|s,v0462|d,v1780|d,v1781|d,v1785|d,datarif|i";"NESSUNO"
"S";";";"false";"ral2";"ral2_stg";"ndggruseg|s,ndggrucol|s,flag_diretto|s,cd_istituto|s,ndg|s,dt_riferimento|i,annomese|s,cont|s,datarif|i,prescoll|s,conto|s,sportello|s,conto_esteso|s,progr_segmento|s,cd_prodotto_rischi|s,forma_tecnica|s,dt_accensione|i,dt_estinzione|i,dt_scadenza|i,divisa|s,natgiu|s,v0008|d,v0009|d,v0062|d,v0260|d,v6464|i,v1781|d,v1780|d,v0063|d";"NESSUNO"
"S";";";"false";"ral3";"ral3_stg";"ndggr|s,cd_istituto|s,ndg|s,dt_riferimento|i,annomese|s,cont|s,datarif|i,conto|s,sportello|s,conto_esteso|s,progr_segmento|s,cd_prodotto_rischi|s,forma_tecnica|s,dt_accensione|i,dt_estinzione|i,dt_scadenza|i,divisa|s,v0063|d,v0260|d,v1780|d,v1781|d";"NESSUNO"
"S";";";"false";"ran1";"ran1_stg";"cd_istituto|s,ndg|s,dt_riferimento|i,annomese|s,cont|s,segmento|s,fonte_segmentaz|s,rae_sisba|s,rae_cebi|s,v0063_tot|d,v0260_tot|d,segmento_orig|s,ndg_bilancio|s,flag_sofferenze_m3|s,segmento_m1|s,segmento_origm1|s,segmento_m2|s,segmento_origm2|s,segmento_m3|s,segmento_origm3|s,flag_past_due|s,flag_rap_ristr|s,flag_incaglio|s,flag_sofferenza|s,natura_giuridica|s,codice_fiscale|s,ndg_dittaind|s,int_dattaind|s,pres_bilacio|s,fdgr_past_due|s,fdgr_rap_ristr|s,fdgr_incaglio|s,fdgr_sofferenza|s,ndg_gruppo|s";"NESSUNO"
"S";";";"false";"ran2";"ran2_stg";"ndggruseg|s,ndggrucol|s,flag_diretto|s,cd_istituto|s,ndg|s,dt_riferimento|i,annomese|s,cont|s,datarif|i,prescoll|s,segmento|s,flag_past_due|s,flag_rap_ristr|s,flag_incaglio|s,flag_sofferenza|s,natura_giuridica|s,codice_fiscale|s,tot_utilizzi|d,tot_accordato|d,tot_util_mort|d,tot_acco_mort|d,v0063_tot|d,v0260_tot|d";"NESSUNO"
"S";";";"false";"ran3";"ran3_stg";"ndggruseg|s,ndggrucol|s,cd_istituto|s,ndg|s,codice_fiscale|s,dt_riferimento|i,annomese|s,cont|s,datarif|i,segmento|s,accordato|d,utilizzo|d,flag_rapp_attivo|s,fonte_segmentaz|s,cod_fisc_bil|s,cd_ist_bilancio|s,ndg_bilancio|s,cod_trac|s,flag_sofferenze_m3|s,segmento_m1|s,accordato_m1|d,utilizzo_m1|d,fl_rap_attivo_m1|s,segmento_m2|s,accordato_m2|d,utilizzo_m2|d,fl_rap_attivo_m2|s,segmento_m3|s,accordato_m3|d,utilizzo_m3|d,fl_rap_attivo_m3|s,flag_pastdue|s,flag_rap_ristr|s,flag_incaglio|s,flag_sofferenza|s";"NESSUNO"
"S";";";"false";"rap1";"rap1_stg";"cd_istituto|s,dt_riferimento|i,ndg|s,annomese|s,cont|s,flg_grav|s,data_iscr|s,codice|s,codtip|s,descrizione|s";"NESSUNO"
"S";";";"false";"rap2";"rap2_stg";"ndggr|s,dt_riferimento|i,cd_istituto|s,ndg|s,annomese|s,cont|s,data_iscr|i,flg_grav|s,numero|s,codice|s,descrizione|s";"NESSUNO"
"S";";";"false";"rap3";"rap3_stg";"ndggr|s,dt_riferimento|i,cd_istituto|s,ndg|s,annomese|s,cont|s,data_iscr|i,flg_grav|s,numero|s,codice|s,descrizione|s";"NESSUNO"
"S";";";"false";"rc12";"rc12_stg";"datarif|s,ndg_grp|s,dt_riferimento|i,annomese|s,cont|s,accoper_cassa_32_b|i,accoper_cassa_32_s|i,flm_accoper_cassa_32|s,util_cassa_33_b|i,util_cassa_33_s|i,flm_util_cassa_33|s,scon_cassa_39_b|i,scon_cassa_39_s|i,flm_scon_cassa_39|s,acco_casfir_31_b|i,acco_casfir_31_s|i,flm_acco_casfir_31|s,accoper_casfir_32_b|i,accoper_casfir_32_s|i,flm_accoper_casfir_32|s,util_casfir_33_b|i,util_casfir_33_s|i,flm_util_casfir_33|s,scon_casfir_39_b|i,scon_casfir_39_s|i,flm_scon_casfir_39|s,marg_casfir_40_b|i,marg_casfir_40_s|i,flm_marg_casfir_40|s,accoper_scad_ml_32_b|i,accoper_scad_ml_32_s|i,flm_accop_scad_ml_32|s,util_scad_ml_33_b|i,util_scad_ml_33_s|i,flm_util_scad_ml_33|s,scon_scad_ml_39_b|i,scon_scad_ml_39_s|i,flm_scon_scad_ml_39|s,accoper_revoca_32_b|i,accoper_revoca_32_s|i,flm_accoper_revoca_32|s,util_revoca_33_b|i,util_revoca_33_s|i,flm_util_revoca_33|s,scon_revoca_39_b|i,scon_revoca_39_s|i,flm_scon_revoca_39|s,valgara_garice_35_b|i,valgara_garice_35_s|i,flm_valgara_garice_35|s,impgarto_garice_36_b|i,impgarto_garice_36_s|i,flm_imgarto_garice_36|s,cod_cr_orig|s,scon_scadenza_39_b|i,scon_scadenza_39_s|i,flm_scon_scadenza_39|s,util_soffe_33_b|i,util_soffe_33_s|i,flm_util_soffe_33|s,stato_rap_scad_ml|s,accoper_leas_32_b|i,accoper_leas_32_s|i,flm_accoper_leas_32|s,util_leas_33_b|i,util_leas_33_s|i,flm_util_leas_33|s,scon_leas_39_b|i,scon_leas_39_s|i,flm_scon_leas_39|s,accoper_leasml_32_b|i,accoper_leasml_32_s|i,flm_accop_leasml_32|s,util_leasml_33_b|i,util_leasml_33_s|i,flm_util_leasml_33|s,scon_leasml_39_b|i,scon_leasml_39_s|i,flm_scon_leasml_39|s";"NESSUNO"
"S";";";"false";"rc22";"rc22_stg";"datarif|s,ndg_grp|s,dt_riferimento|i,annomese|s,cont|s,accoper_cassa_32_b|i,accoper_cassa_32_s|i,flm_accoper_cassa_32|s,util_cassa_33_b|i,util_cassa_33_s|i,flm_util_cassa_33|s,scon_cassa_39_b|i,scon_cassa_39_s|i,flm_scon_cassa_39|s,acco_casfir_31_b|i,acco_casfir_31_s|i,flm_acco_casfir_31|s,accoper_casfir_32_b|i,accoper_casfir_32_s|i,flm_accoper_casfir_32|s,util_casfir_33_b|i,util_casfir_33_s|i,flm_util_casfir_33|s,scon_casfir_39_b|i,scon_casfir_39_s|i,flm_scon_casfir_39|s,marg_casfir_40_b|i,marg_casfir_40_s|i,flm_marg_casfir_40|s,accoper_scad_ml_32_b|i,accoper_scad_ml_32_s|i,flm_accop_scad_ml_32|s,util_scad_ml_33_b|i,util_scad_ml_33_s|i,flm_util_scad_ml_33|s,scon_scad_ml_39_b|i,scon_scad_ml_39_s|i,flm_scon_scad_ml_39|s,accoper_revoca_32_b|i,accoper_revoca_32_s|i,flm_accoper_revoca_32|s,util_revoca_33_b|i,util_revoca_33_s|i,flm_util_revoca_33|s,scon_revoca_39_b|i,scon_revoca_39_s|i,flm_scon_revoca_39|s,valgara_garice_35_b|i,valgara_garice_35_s|i,flm_valgara_garice_35|s,impgarto_garice_36_b|i,impgarto_garice_36_s|i,flm_imgarto_garice_36|s,cod_cr_orig|s,scon_scadenza_39_b|i,scon_scadenza_39_s|i,flm_scon_scadenza_39|s,util_soffe_33_b|i,util_soffe_33_s|i,flm_util_soffe_33|s,stato_rap_scad_ml|s,accoper_leas_32_b|s,accoper_leas_32_s|s,flm_accoper_leas_32|s,util_leas_33_b|s,util_leas_33_s|s,flm_util_leas_33|s,scon_leas_39_b|s,scon_leas_39_s|s,flm_scon_leas_39|s,accoper_leasml_32_b|s,accoper_leasml_32_s|s,flm_accop_leasml_32|s,util_leasml_33_b|s,util_leasml_33_s|s,flm_util_leasml_33|s,scon_leasml_39_b|s,scon_leasml_39_s|s,flm_scon_leasml_39|s";"NESSUNO"
"S";";";"false";"rco1";"rco1_stg";"cd_istituto|s,ndg|s,annomese|s,cont|s,conto|s,sportello|s,conto_esteso|s,progr_segmento|s,dt_riferimento|i,cd_prodotto_rischi|s,forma_tecnica|s,dt_accensione|i,dt_estinzione|i,dt_scadenza|i,divisa|s,v0079|i,v0113|d,v0117|d,v0120|d,v0121|d,v0153|i,v0779|d,v1501|d,v1509|d,v1780|d,v1781|d,v1785|d,v3531|d,gg_sconfino|i,datarif|i";"NESSUNO"
"S";";";"false";"rco2";"rco2_stg";"ndggruseg|s,ndggrucol|s,flag_diretto|s,cd_istituto|s,ndg|s,dt_riferimento|i,annomese|s,cont|s,datarif|i,prescoll|s,conto|s,sportello|s,conto_esteso|s,progr_segmento|s,cd_prodotto_rischi|s,forma_tecnica|s,dt_accensione|i,dt_estinzione|i,dt_scadenza|i,divisa|s,natgiu|s,v0008|d,v0009|d,v0062|d,v0104|d,v0112|i,v0113|d,v0136|i,v0139|i,v1501|d,v1672|d,v6464|i,v0063|d,v1780|d,v1781|d";"NESSUNO"
"S";";";"false";"rco3";"rco3_stg";"ndggr|s,cd_istituto|s,ndg|s,dt_riferimento|i,annomese|s,cont|s,datarif|i,conto|s,sportello|s,conto_esteso|s,progr_segmento|s,cd_prodotto_rischi|s,forma_tecnica|s,dt_accensione|i,dt_estinzione|i,dt_scadenza|i,divisa|s,v0063|d,v0075|d,v0090|d,v0104|d,v0113|d,v0120|d,v0121|d,v0779|d,v1501|d,v1509|d,v1780|d,v1781|d";"NESSUNO"
"S";";";"false";"rcr3";"rcr3_stg";"ndggr|s,dt_riferimento|i,cont|s,annomese|s,datarif|i,banca|s,acco_tot_31_b|i,acco_tot_31_s|i,flm_acco_tot_31|s,accoper_tot_32_b|i,accoper_tot_32_s|i,flm_accoper_tot_32|s,util_tot_33_b|i,util_tot_33_s|i,flm_util_tot_33|s,salmed_tot_34_b|i,salmed_tot_34_s|i,flm_salmed_tot_34|s,impgar_tot_35_b|i,impgar_tot_35_s|i,flm_impgar_tot_35|s,impgar_tot_36_b|i,impgar_tot_36_s|i,flm_impgar_tot_36|s,altimp_tot_37_b|i,altimp_tot_37_s|i,flm_altimp_tot_37|s,cred_tot_38_b|i,cred_tot_38_s|i,flm_cred_tot_38|s,scon_tot_39_b|i,scon_tot_39_s|i,flm_scon_tot_39|s,marg_tot_40_b|i,marg_tot_40_s|i,flm_marg_tot_40|s,acco_cassa_31_b|i,acco_cassa_31_s|i,flm_acco_cassa_31|s,accoper_cassa_32_b|i,accoper_cassa_32_s|i,flm_accoper_cassa_32|s,util_cassa_33_b|i,util_cassa_33_s|i,flm_util_cassa_33|s,salmed_cassa_34_b|i,salmed_cassa_34_s|i,flm_salmed_cassa_34|s,impgar_cassa_35_b|i,impgar_cassa_35_s|i,flm_impgar_cassa_35|s,impgar_cassa_36_b|i,impgar_cassa_36_s|i,flm_impgar_cassa_36|s,altimp_cassa_37_b|i,altimp_cassa_37_s|i,flm_altimp_cassa_37|s,cred_cassa_38_b|i,cred_cassa_38_s|i,flm_cred_cassa_38|s,scon_cassa_39_b|i,scon_cassa_39_s|i,flm_scon_cassa_39|s,marg_cassa_40_b|i,marg_cassa_40_s|i,flm_marg_cassa_40|s,acco_auto_31_b|i,acco_auto_31_s|i,flm_acco_auto_31|s,accoper_auto_32_b|i,accoper_auto_32_s|i,flm_accoper_auto_32|s,util_auto_33_b|i,util_auto_33_s|i,flm_util_auto_33|s,salmed_auto_34_b|i,salmed_auto_34_s|i,flm_salmed_auto_34|s,impgar_auto_35_b|i,impgar_auto_35_s|i,flm_impgar_auto_35|s,impgar_auto_36_b|i,impgar_auto_36_s|i,flm_impgar_auto_36|s,altimp_auto_37_b|i,altimp_auto_37_s|i,flm_altimp_auto_37|s,cred_auto_38_b|i,cred_auto_38_s|i,flm_cred_auto_38|s,scon_auto_39_b|i,scon_auto_39_s|i,flm_scon_auto_39|s,marg_auto_40_b|i,marg_auto_40_s|i,flm_marg_auto_40|s,acco_scad_31_b|i,acco_scad_31_s|i,flm_acco_scad_31|s,accoper_scad_32_b|i,accoper_scad_32_s|i,flm_accoper_scad_32|s,util_scad_33_b|i,util_scad_33_s|i,flm_util_scad_33|s,salmed_scad_34_b|i,salmed_scad_34_s|i,flm_salmed_scad_34|s,impgar_scad_35_b|i,impgar_scad_35_s|i,flm_impgar_scad_35|s,impgar_scad_36_b|i,impgar_scad_36_s|i,flm_impgar_scad_36|s,altimp_scad_37_b|i,altimp_scad_37_s|i,flm_altimp_scad_37|s,cred_scad_38_b|i,cred_scad_38_s|i,flm_cred_scad_38|s,scon_scad_39_b|i,scon_scad_39_s|i,flm_scon_scad_39|s,marg_scad_40_b|i,marg_scad_40_s|i,flm_marg_scad_40|s,acco_rev_31_b|i,acco_rev_31_s|i,flm_acco_rev_31|s,accoper_rev_32_b|i,accoper_rev_32_s|i,flm_accoper_rev_32|s,util_rev_33_b|i,util_rev_33_s|i,flm_util_rev_33|s,salmed_rev_34_b|i,salmed_rev_34_s|i,flm_salmed_rev_34|s,impgar_rev_35_b|i,impgar_rev_35_s|i,flm_impgar_rev_35|s,impgar_rev_36_b|i,impgar_rev_36_s|i,flm_impgar_rev_36|s,altimp_rev_37_b|i,altimp_rev_37_s|i,flm_altimp_rev_37|s,cred_rev_38_b|i,cred_rev_38_s|i,flm_cred_rev_38|s,scon_rev_39_b|i,scon_rev_39_s|i,flm_scon_rev_39|s,marg_rev_40_b|i,marg_rev_40_s|i,flm_marg_rev_40|s,acco_revscad_31_b|i,acco_revscad_31_s|i,flm_acco_revscad_31|s,accoper_revscad_32_b|i,accoper_revscad_32_s|i,flm_accoper_revscad_32|s,util_revscad_33_b|i,util_revscad_33_s|i,flm_util_revscad_33|s,salmed_revscad_34_b|i,salmed_revscad_34_s|i,flm_salmed_revscad_34|s,impgar_revscad_35_b|i,impgar_revscad_35_s|i,flm_impgar_revscad_35|s,impgar_revscad_36_b|i,impgar_revscad_36_s|i,flm_impgar_revscad_36|s,altimp_revscad_37_b|i,altimp_revscad_37_s|i,flm_altimp_revscad_37|s,cred_revscad_38_b|i,cred_revscad_38_s|i,flm_cred_revscad_38|s,scon_revscad_39_b|i,scon_revscad_39_s|i,flm_scon_revscad_39|s,marg_revscad_40_b|i,marg_revscad_40_s|i,flm_marg_revscad_40|s,acco_firma_31_b|i,acco_firma_31_s|i,flm_acco_firma_31|s,accoper_firma_32_b|i,accoper_firma_32_s|i,flm_accoper_firma_32|s,util_firma_33_b|i,util_firma_33_s|i,flm_util_firma_33|s,salmed_firma_34_b|i,salmed_firma_34_s|i,flm_salmed_firma_34|s,impgar_firma_35_b|i,impgar_firma_35_s|i,flm_impgar_firma_35|s,impgar_firma_36_b|i,impgar_firma_36_s|i,flm_impgar_firma_36|s,altimp_firma_37_b|i,altimp_firma_37_s|i,flm_altimp_firma_37|s,cred_firma_38_b|i,cred_firma_38_s|i,flm_cred_firma_38|s,scon_firma_39_b|i,scon_firma_39_s|i,flm_scon_firma_39|s,marg_firma_40_b|i,marg_firma_40_s|i,flm_marg_firma_40|s,acco_leasing_31_b|i,acco_leasing_31_s|i,flm_acco_leasing_31|s,accoper_leasing_32_b|i,accoper_leasing_32_s|i,flm_accoper_leasing_32|s,util_leasing_33_b|i,util_leasing_33_s|i,flm_util_leasing_33|s,salmed_leasing_34_b|i,salmed_leasing_34_s|i,flm_salmed_leasing_34|s,impgar_leasing_35_b|i,impgar_leasing_35_s|i,flm_impgar_leasing_35|s,impgar_leasing_36_b|i,impgar_leasing_36_s|i,flm_impgar_leasing_36|s,altimp_leasing_37_b|i,altimp_leasing_37_s|i,flm_altimp_leasing_37|s,cred_leasing_38_b|i,cred_leasing_38_s|i,flm_cred_leasing_38|s,scon_leasing_39_b|i,scon_leasing_39_s|i,flm_scon_leasing_39|s,marg_leasing_40_b|i,marg_leasing_40_s|i,flm_marg_leasing_40|s,acco_deriv_31_b|i,acco_deriv_31_s|i,flm_acco_deriv_31|s,accoper_deriv_32_b|i,accoper_deriv_32_s|i,flm_accoper_deriv_32|s,util_deriv_33_b|i,util_deriv_33_s|i,flm_util_deriv_33|s,salmed_deriv_34_b|i,salmed_deriv_34_s|i,flm_salmed_deriv_34|s,impgar_deriv_35_b|i,impgar_deriv_35_s|i,flm_impgar_deriv_35|s,impgar_deriv_36_b|i,impgar_deriv_36_s|i,flm_impgar_deriv_36|s,altimp_deriv_37_b|i,altimp_deriv_37_s|i,flm_altimp_deriv_37|s,cred_deriv_38_b|i,cred_deriv_38_s|i,flm_cred_deriv_38|s,scon_deriv_39_b|i,scon_deriv_39_s|i,flm_scon_deriv_39|s,marg_deriv_40_b|i,marg_deriv_40_s|i,flm_marg_deriv_40|s,acco_autscaimp_31_b|i,acco_autscaimp_31_s|i,flm_acco_autscaimp_31|s,accoper_autscaimp_32_b|i,accoper_autscaimp_32_s|i,flm_accoper_autscaimp_32|s,util_autscaimp_33_b|i,util_autscaimp_33_s|i,flm_util_autscaimp_33|s,salmed_autscaimp_34_b|i,salmed_autscaimp_34_s|i,flm_salmed_autscaimp_34|s,impgar_autscaimp_35_b|i,impgar_autscaimp_35_s|i,flm_impgar_autscaimp_35|s,impgar_autscaimp_36_b|i,impgar_autscaimp_36_s|i,flm_impgar_autscaimp_36|s,altimp_autscaimp_37_b|i,altimp_autscaimp_37_s|i,flm_altimp_autscaimp_37|s,cred_autscaimp_38_b|i,cred_autscaimp_38_s|i,flm_cred_autscaimp_38|s,scon_autscaimp_39_b|i,scon_autscaimp_39_s|i,flm_scon_autscaimp_39|s,marg_autscaimp_40_b|i,marg_autscaimp_40_s|i,flm_marg_autscaimp_40|s,acco_autscapag_31_b|i,acco_autscapag_31_s|i,flm_acco_autscapag_31|s,accoper_autscapag_32_b|i,accoper_autscapag_32_s|i,flm_accoper_autscapag_32|s,util_autscapag_33_b|i,util_autscapag_33_s|i,flm_util_autscapag_33|s,salmed_autscapag_34_b|i,salmed_autscapag_34_s|i,flm_salmed_autscapag_34|s,impgar_autscapag_35_b|i,impgar_autscapag_35_s|i,flm_impgar_autscapag_35|s,impgar_autscapag_36_b|i,impgar_autscapag_36_s|i,flm_impgar_autscapag_36|s,altimp_autscapag_37_b|i,altimp_autscapag_37_s|i,flm_altimp_autscapag_37|s,cred_autscapag_38_b|i,cred_autscapag_38_s|i,flm_cred_autscapag_38|s,scon_autscapag_39_b|i,scon_autscapag_39_s|i,flm_scon_autscapag_39|s,marg_autscapag_40_b|i,marg_autscapag_40_s|i,flm_marg_autscapag_40|s,stato_rap_scad_ml|s,richiestepi_tot|i,flm_richiestepi_tot|s,entisegnal_tot|s,flm_entisegnal_tot|s";"NESSUNO"
"S";";";"false";"ric1";"ric1_stg";"cd_istituto|s,dt_riferimento|i,ndg|s,annomese|s,cont|s,datarif|s,banca|s,prog_rec|s,flag_ban|s,flag_sis|s,cod_cr|s,fenom_03|s,fenomeno|s,localizza|s,dur_origi|s,dur_resid|s,divisa|s,impo_expo|s,tip_attiv|s,codcr_col|s,stato_rap|s,tipo_gara|s,feno_03_g|s,feno_gara|s,accordato|i,acco_oper|i,utilizzo|i,sal_medio|i,imp_garan|i,imp_garto|i,altri_imp|i,credito|i,sconfino|i,margine|i,versione|s,release|s,tipo_cr|s";"NESSUNO"
"S";";";"false";"rim3";"rim3_stg";"dt_riferimento|i,ndggr|s,annomese|s,cont|s,progr_fase|s,segmento|s,comsco|d,pdcalib|d,ratcal|i,ratfin|i,ratcalsm|i,ratfinsm|i,consin|i,conscr|i,congre|i,scoai|d,scocri|d,scobili|d,scoqua|d,retrat|s,tabcomp|s,annomese_cr|s,vermot|s,relmot|s,datini|s,datfin|s,oraini|s,operini|s,orafin|s,operfin|s,flg_finemen|s";"NESSUNO"
"S";";";"false";"riv3";"riv3_stg";"dt_rif|i,ndggr|s,annomese|s,cont|i,progr_fase|i,segmento|s,pdcalib|d,ratcal|i,ratfin|i,scobili|d,scoqua|d,retrat|s,tabcomp|s,vermot|s,relmot|s,datini|s,datfin|s,oraini|s,operini|s,orafin|s,operfin|s,flgfinemens|s,pdefault|d,sco_lgd1|d,sco_lgd2|d";"NESSUNO"
"S";";";"false";"rlc1";"rlc1_stg";"cd_istituto|s,dt_riferimento|i,tipo|s,ndg|s,annomese|s,cont|s,datains|s,datafineval|s,ratintcomp|i,codabi|s,flag_nascondi|s,flag_over|s,codmappa|d,datini_imlc|s,flag_uso|s,flag_valid|s,flag_tipmon|s,flag_cpi|s,vermot|s,relmot|s,i_segnal|s,ii_segnal|s,flag_valauto|s,cont_segnal|i";"NESSUNO"
"S";";";"false";"rlc3";"rlc3_stg";"dt_riferimento|s,ndggr|s,annomese|s,cont|i,progr_fase|i,segmento|s,pdcalib|d,ratcal|i,ratfin|i,ratcalsm|i,ratfinsm|i,congre|i,scobili|d,scoqua|d,retrat|s,tabcomp|s,flag_uso|s,flag_valid|s,i_segnal|s,cont_segnal|i,flag_out|s,data_out|s,vermot|s,relmot|s,datini|s,datfin|s,oraini|s,operini|s,orafin|s,operfin|s,flg_finemen|s";"NESSUNO"
"S";";";"false";"rpf1";"rpf1_stg";"cd_istituto|s,ndg|s,annomese|s,cont|s,conto|s,sportello|s,conto_esteso|s,progr_segmento|s,dt_riferimento|i,cd_prodotto_rischi|s,forma_tecnica|s,dt_accensione|i,dt_estinzione|i,dt_scadenza|i,divisa|s,v0078|i,v0139|i,v0331|i,v0342|d,v1509|d,v1780|d,v1781|d,v1785|d,v1798|i,v3502|d,v3504|d,v3531|d,v3535|d,tot_sem_342|d,tot_sem_344|d,tot_sem_350|d,datarif|i";"NESSUNO"
"S";";";"false";"rpf2";"rpf2_stg";"ndggruseg|s,ndggrucol|s,flag_diretto|s,cd_istituto|s,ndg|s,dt_riferimento|i,annomese|s,cont|s,datarif|i,prescoll|s,conto|s,sportello|s,conto_esteso|s,progr_segmento|s,cd_prodotto_rischi|s,forma_tecnica|s,dt_accensione|i,dt_estinzione|i,dt_scadenza|i,divisa|s,natgiu|s,v1780|d,v1781|d,v6464|i";"NESSUNO"
"S";";";"false";"rpf3";"rpf3_stg";"ndggr|s,cd_istituto|s,ndg|s,dt_riferimento|i,annomese|s,cont|s,datarif|i,conto|s,sportello|s,conto_esteso|s,progr_segmento|s,cd_prodotto_rischi|s,forma_tecnica|s,dt_accensione|i,dt_estinzione|i,dt_scadenza|i,divisa|s,v0063|d,v0342|d,v0344|d,v0350|d,v0513|d,v3502|d,v3504|d,v1780|d,v1781|d";"NESSUNO"
"S";";";"false";"rpr2";"rpr2_stg";"ndggr|s,dt_riferimento|i,annomese|s,cont|s,funzione|s,flgrat|s,segmen|s,comsco|d,ratcal|i,ratfin|i,consin|i,conscr|i,conscf|i,conscb|i,scoai|d,scocri|d,scosoc|d,scocbs|d,retrat|s,tabcomp|s,vermot|s,relmot|s,datini|s,datfin|s,operatore|s,nmesifun|i,progr_fase|i,pdcalib|d,ratcalsm|i,ratfinsm|i";"NESSUNO"
"S";";";"false";"rrp1";"rrp1_stg";"cd_istituto|s,ndg|s,annomese|s,cont|s,conto|s,sportello|s,conto_esteso|s,progr_segmento|s,dt_riferimento|i,cd_prodotto_rischi|s,forma_tecnica|s,dt_accensione|i,dt_estinzione|i,dt_scadenza|i,divisa|s,v0009|d,v0062|d,v0462|d,v1780|d,v1781|d,v1785|d,datarif|s";"NESSUNO"
"S";";";"false";"rrp2";"rrp2_stg";"ndggruseg|s,ndggrucol|s,flag_diretto|s,cd_istituto|s,ndg|s,dt_riferimento|i,annomese|s,cont|s,datarif|i,prescoll|s,conto|s,sportello|s,conto_esteso|s,progr_segmento|s,cd_prodotto_rischi|s,forma_tecnica|s,dt_accensione|i,dt_estinzione|i,dt_scadenza|i,divisa|s,natgiu|s,v0008|d,v0009|d,v0062|d,v0260|d,v6464|i,v1781|d,v1780|d,v0063|d";"NESSUNO"
"S";";";"false";"rrp3";"rrp3_stg";"ndggr|s,cd_istituto|s,ndg|s,dt_riferimento|i,annomese|s,cont|s,datarif|i,conto|s,sportello|s,conto_esteso|s,progr_segmento|s,cd_prodotto_rischi|s,forma_tecnica|s,dt_accensione|i,dt_estinzione|i,dt_scadenza|i,divisa|s,v0063|d,v0624|d,v0625|d,v6464|i,v1780|d,v1781|d";"NESSUNO"
"S";";";"false";"rrt1";"rrt1_stg";"cd_istituto|s,ndg|s,annomese|s,cont|s,conto|s,sportello|s,conto_esteso|s,progr_segmento|s,dt_riferimento|i,cd_prodotto_rischi|s,forma_tecnica|s,dt_accensione|i,dt_estinzione|i,dt_scadenza|i,divisa|s,v0513|i,v0514|d,v9005|i,v1780|d,v1781|d,v1785|d,datarif|i";"NESSUNO"
"S";";";"false";"rrt2";"rrt2_stg";"ndggruseg|s,ndggrucol|s,flag_diretto|s,cd_istituto|s,ndg|s,dt_riferimento|i,annomese|s,cont|s,datarif|i,prescoll|s,conto|s,sportello|s,conto_esteso|s,progr_segmento|s,cd_prodotto_rischi|s,forma_tecnica|s,dt_accensione|i,dt_estinzione|i,dt_scadenza|i,divisa|s,natgiu|s,v0968|d,v0505|d,v0506|d,v0513|i,v1527|d,v6464|i,v0008|d,v0009|d,v0514|d,v0518|s,v1780|d,v1781|d";"NESSUNO"
"S";";";"false";"rrt3";"rrt3_stg";"ndggr|s,cd_istituto|s,ndg|s,dt_riferimento|i,annomese|s,cont|s,datarif|i,conto|s,sportello|s,conto_esteso|s,progr_segmento|s,cd_prodotto_rischi|s,forma_tecnica|s,dt_accensione|i,dt_estinzione|i,dt_scadenza|i,divisa|s,v0513|i,v0514|d,v0896|i,v6464|i,v1780|d,v1781|d";"NESSUNO"
"S";";";"false";"rsq1";"rsq1_stg";"cd_istituto|s,dt_riferimento|i,ndg|s,annomese|s,cont|s,score|d";"NESSUNO"
"S";";";"false";"uact";"uact_stg";"cd_istituto|s,ndg|s,dt_riferimento|s,cab_prov_com_stato|s,provincia|s,sae|s,rae|s,ciae|s,sportello|s,area_affari|s,tp_ndg|s,intestazione|s,partita_iva|s,cd_fiscale|s,ctp_cred_proc_conc|s,cliente_protestato|s,status_sygei|s,ndg_caponucleo|s,specie_giuridica|s,dt_inizio_rischio|i,dt_revoca_fidi|i,dt_cens_anagrafe|i,cab_luogo_nascita|s,dt_costituz_nascit|i,tp_contr_basilea1|s,flag_fallibile|s,stato_controparte|s,dt_estinz_ctp|i,cliente_fido_rev|s,tp_controparte|s,grande_sett_attiv|s,grande_ramo_attiv|s,n058_interm_vigil|s,n160_cod_ateco|s";"NESSUNO"
"S";";";"false";"ucca";"ucca_stg";"cd_istituto|s,ndg|s,sportello|s,conto|s,progr_segmento|s,dt_riferimento|i,cd_prodotto_rischi|s,num_rev_altr_bk|i,num_rev_ns_bk|i,imp_ass_rev_ns_bk|d,num_ass_rev_ns_bk|i,imp_ass_rev_alt_bk|d,num_ass_rev_alt_bk|i,imp_ass_rev_min_in|d,num_ass_rev_min_in|i";"NESSUNO"
"S";";";"false";"ucoc";"ucoc_stg";"cd_istituto|s,ndg|s,sportello|s,conto|s,progr_segmento|s,dt_riferimento|i,fido_non_oper_cas|d,fido_ope_cassa|d,fido_op_pf_ns_mut|d,fido_ope_sbf|d,mass_util_sbf|d,sal_con_ced_ef_sbf|d,saldo_cont_dare|d,saldo_cont_avere|d,part_illiq_sbf|d,assegni_pr_ins_on|d,ass_trz_ins_ng_sbf|d,addebiti_in_sosp|d,numeri_fido_cc|i,numeri_fido_sbf|i,num_max_imm_d_as_v|i,gg_saldo_liq_cred|i,num_sald_disp_dare|i,gg_saldo_disp_dare|i,imp_mov_dare|d,n_mov_avere|i,imp_mov_avere|d,mov_av_vers_ass|d,mov_avere_storni|d,mov_avere_comp|d,numeri_creditori|i,numeri_debitori|i,num_ass_ind_vers|i,num_sal_cont_dare|i,num_sdo_liq_dare|i,mov_dare_assegni|d,gg_saldo_liq_deb|i,mov_d_ass_prop_ins|d,mov_d_ass_trz_ins|d,num_sdo_liq_dare_2|i,utilizzo_cr_cc|d,num_deb_util_sbf|i,num_debi_util_cc|i,tot_garanzie_reali|d,imp_accordato|d,utilizz_cassa_firm|d,gg_di_vita_rapp|i,margine_fido_irrev|d,margine_fido_rev|d,num_bon_accr_it|i,imp_bon_accr_it|d,num_bon_accr_est|i,imp_bon_accr_est|d,flag_mass_util_sbf|s,eff_ins_in_sosp|d,eff_ins_sbf_al_pr|d,ef_ins_sbf_n_a_c_o|d,ef_ins_sbf_s_d_c_c|d,ef_ins_d_i_accr_in|d,eff_ins_d_i_altri|d,eff_ins_sc_altri|d,eff_ins_sc_al_pr|d,imp_ass_pr_m_aut|d,imp_ass_pr_m_fondi|d,imp_as_i_m_a_n_p_f|d,imp_as_i_m_f_n_p_f|d,imp_as_i_m_a_n_p_p|d,imp_as_i_m_f_n_p_p|d,data_revoca_az|i,num_ass_pr_m_aut|i,num_as_pr_m_f|i,num_as_i_m_a_n_p_f|i,num_as_i_m_f_n_p_f|i,num_as_i_m_a_n_p|i,num_as_i_m_f_n|i,cd_prodotto_rischi|s,imp_mov_avere_su|d,gg_sconfino_tu|i,n_mov_avere_tu|i,saldo_cont_dare_su|i,fido_n_ope_sbf_ced|d,fido_medio|d,fido_medio_sbf|d,ind_util_fido_med|d,imp_sal_lq_med_dar|d,imp_utilizzo_cassa|d,gg_periodo|i,gg_sconfino|i";"NESSUNO"
"S";";";"false";"ucol";"ucol_stg";"cd_istituto|s,ndg|s,cd_collegamento|s,ndg_collegato|s,dt_riferimento|i,coll_prim_second|s";"NESSUNO"
"S";";";"false";"udcs";"udcs_stg";"cd_istituto|s,ndg|s,dt_riferimento|i,n201_pastdue|s,n203_gg_pastdue|s,n205_gg_cure|s,n204_utp|s,n011_soff|s,n184_forborne|s,flg_contagio|s,flg_pdue_tecnico|s,sconf_pdue|d,saldo_pdue|d,segm_pastdue|s,fonte|s,flag_xx|s";"NESSUNO"
"S";";";"false";"udct";"udct_stg";"cd_istituto|s,ndg|s,dt_riferimento|i,reddito|d,totale_utilizzi|d,totale_fidi_delib|d,totale_accordato|d,patrimonio|d,n_dipendenti|s,tot_rischi_indir|d,status_ndg|s,status_basilea2|s,posiz_soff_inc|s,dubb_esito_inc_ndg|s,status_cliente_lab|s,tot_util_mortgage|d,tot_acco_mortgage|d,dt_entrata_default|i,cd_stato_def_t0|s,cd_tipo_def_t0|s,cd_stato_def_a_t12|s,cd_rap_ristr|s,tp_ristrutt|s,tp_cli_scad_scf|s,tp_cli_scad_scf_b2|s,totale_saldi_0063|d,totale_saldi_0260|d,n183_inad_prob|s,totale_accordato_op|d,totale_acco_mortage_op|d,n806_flag_ristrutturazione|s";"NESSUNO"
"S";";";"false";"ungr";"ungr_stg";"dt_riferimento|i,cd_istituto|s,ndg|s,ndg_gruppo|s";"NESSUNO"
"S";";";"false";"ungrd";"ungrd_stg";"dt_riferimento|i,cd_istituto|s,ndg|s,ndg_gruppo|s";"NESSUNO"
"S";";";"false";"upct";"upct_stg";"cd_istituto|s,dt_riferimento|i,sportello|s,conto_esteso|s,codice_collegamento|s,ndg_collegato|s,sportello_collegato|s,conto_esteso_collegato|s";"NESSUNO"
"S";";";"false";"upfg";"upfg_stg";"cd_istituto|s,ndg|s,sportello|s,conto|s,progr_segmento|s,dt_riferimento|i,fido_non_oper_cas|d,fido_ope_cassa|d,saldo_cont|d,saldo_cont_dare|d,numeri_fido_sbf|i,imp_mov_avere|d,mov_avere_storni|d,num_sal_cont_dare|i,eff_a_scadere|d,numeri_fido|i,eff_scaduti|d,eff_richiamati|d,eff_insoluti|d,utilizzo_sconto|d,eff_ins_sconto|d,eff_ins_fin_dir|d,dt_scad_pr_eff_imp|i,imp_accordato|d,utilizz_cassa_firm|d,gg_di_vita_rapp|i,margine_fido_irrev|d,margine_fido_rev|d,imp_sc_6_12m|d,imp_sc_12_8m|d,imp_sc_18_2a|d,imp_sc_2_3a|d,num_eff_imp|i,imp_eff_imp|d,num_eff_pag|i,imp_eff_pag|d,imp_fatt_non_rad|d,num_bon_accr_it|i,imp_bon_accr_it|d,num_bon_accr_est|i,imp_bon_accr_est|d,num_ass_vers_it|i,imp_ass_vers_it|d,num_ass_vers_est|i,imp_ass_vers_est|d,rett_eff_ins_tr_pr|d,tot_semestrale_342|d,tot_semestrale_344|d,tot_semestrale_350|d,cd_prodotto_rischi|s,ind_util_fido_med|d,mov_avere_comp|d,numeri_debitori|i,imp_sal_lq_med_dar|d,gg_sconfino|i";"NESSUNO"
"S";";";"false";"mpfg";"mpfg_stg";"cd_istituto|s,ndg|s,sportello|s,conto|s,progr_segmento|s,dt_riferimento|i,fido_non_oper_cas|d,fido_ope_cassa|d,saldo_cont|d,saldo_cont_dare|d,numeri_fido_sbf|i,imp_mov_avere|d,mov_avere_storni|d,num_sal_cont_dare|i,eff_a_scadere|d,numeri_fido|i,eff_scaduti|d,eff_richiamati|d,eff_insoluti|d,utilizzo_sconto|d,eff_ins_sconto|d,eff_ins_fin_dir|d,dt_scad_pr_eff_imp|i,imp_accordato|d,utilizz_cassa_firm|d,gg_di_vita_rapp|i,margine_fido_irrev|d,margine_fido_rev|d,imp_sc_6_12m|d,imp_sc_12_8m|d,imp_sc_18_2a|d,imp_sc_2_3a|d,num_eff_imp|i,imp_eff_imp|d,num_eff_pag|i,imp_eff_pag|d,imp_fatt_non_rad|d,num_bon_accr_it|i,imp_bon_accr_it|d,num_bon_accr_est|i,imp_bon_accr_est|d,num_ass_vers_it|i,imp_ass_vers_it|d,num_ass_vers_est|i,imp_ass_vers_est|d,rett_eff_ins_tr_pr|d,tot_semestrale_342|d,tot_semestrale_344|d,tot_semestrale_350|d,cd_prodotto_rischi|s,ind_util_fido_med|d,mov_avere_comp|d,numeri_debitori|i,imp_sal_lq_med_dar|d,gg_sconfino|i";"NESSUNO"
"S";";";"false";"urai";"urai_stg";"dt_riferimento|i,ndg_gruppo_agr|s,cd_istituto|s,ndg|s,cont|s,progr_fase|s,funzione|s,ratcal|i,ratfin|i,ratcal_sm|i,ratfin_sm|i,segmen|s,retrat|s,tabcomp|s,tipo_modello|s,pd_sm|d,pd_sl|d,pd_segnal_sm|d,pd_segnal_sl|d,userid_agg|s,data_agg|i";"NESSUNO"
"S";";";"false";"urat";"urat_stg";"cd_istituto|s,ndg|s,sportello|s,conto|s,progr_segmento|s,dt_riferimento|i,q_cap_rate_a_scad|d,q_cap_rate_impag|d,q_inter_rate_impag|d,n_rate_impag|i,dt_scd_pr_rata_imp|i,q_cap_rate_mora|d,q_inter_rate_mora|d,acconti_rate_scad|d,utilizz_cassa_firm|d,imp_accordato|d,cd_prodotto_rischi|s,n_gg_rate_imp|i,durata_originaria|s,imp_orig_prestito|d,durata_res_default|s,durata_residua|s,dt_scadenza|i,rate_scad_imp|d,oneri_acc_leasing|d,dt_pr_rt_leas_imp|i,imp_can_leas_ins|d,gg_sconfino|i,tp_mutuo|s,rate_scad_imp_sosp|i,dt_scd_pr_rata_imp_nsc|i,imp_rat_scad_nososp|d,imp_da_erog_mut_non_op|d,valuta|s,tasso_di_cambio|d,q_inter_rate_a_scad|d,mora_impagata|d";"NESSUNO"
"S";";";"false";"urci";"urci_stg";"dt_riferimento|i,progr_fase|s,cd_istituto|s,ndg|s,annomese|s,cont|s,segmen|s,comsco|d,ratcal|i,ratfin|i,consin|i,conscr|i,scoai|d,scocri|d,scobili|d,retrat|s,tabcomp|s,codban|s,vermot|s,relmot|s,datini|s,datfin|s,cdateco|s,cdareageo|s";"NESSUNO"
"S";";";"false";"urda";"urda_stg";"cd_istituto|s,ndg|s,sportello|s,conto|s,progr_segmento|s,dt_riferimento|i,status_rapp|s,margine_fido_rev|d,margine_fido_irrev|d,utilizz_cassa_firm|d,imp_accordato|d,flag_ristrutt|s,imp_accor_ope|d,imp_accor_non_ope|d,gg_sconfino|i,fido_n_ope_sbf_p_i|d,fido_ope_sbf_p_ill|d,fido_ope_firma|d,fido_ope_cassa|d,fido_non_oper_cas|d,fido_non_oper_fir|d,fido_n_ope_sbf_ced|d,fido_ope_sbf_ced|d,aut_sconf_cassa|d,aut_sconf_sbf|d,aut_sconf_firma|d,gar_merci|d,gar_ipoteca|d,gar_personale|d,gar_altre|d,gar_obbl_pr_emiss|d,gar_obbl_b_centr|d,gar_obbl_altre|d,gar_dep_denaro|d,gar_cd_pr_emiss|d,gar_altri_valori|d,valore_dossier|d,fido_deriv|d,saldo_cont|d,saldo_cont_dare|d,saldo_cont_avere|d,part_illiq_sbf|d,ind_util_fido_med|d,imp_fido_acc_firma|d,imp_utilizzo_firma|d,imp_gar_pers_cred|d,imp_sal_lq_med_dar|d,imp_utilizzo_cassa|d,imp_der_val_int_ps|d,imp_der_val_int_ng|d,imp_gpm_alt_ban|d,val_stima_bene_1552|d,val_mercato_immobile_4422|d,gar_titoli_6998|d,gar_pers_6970|d,d6750_fair_value|d,d6755_costo_ammort|d,utilizzo_titoli|d,imp_accor_solo_ope|d";"NESSUNO"
"S";";";"false";"urdacf";"urdacf_stg";"cd_istituto|s,ndg|s,sportello|s,conto|s,progr_segmento|s,dt_riferimento|i,status_rapp|s,margine_fido_rev|d,margine_fido_irrev|d,utilizz_cassa_firm|d,imp_accordato|d,flag_ristrutt|s,imp_accor_ope|d,imp_accor_non_ope|d,gg_sconfino|i,fido_n_ope_sbf_p_i|d,fido_ope_sbf_p_ill|d,fido_ope_firma|d,fido_ope_cassa|d,fido_non_oper_cas|d,fido_non_oper_fir|d,fido_n_ope_sbf_ced|d,fido_ope_sbf_ced|d,aut_sconf_cassa|d,aut_sconf_sbf|d,aut_sconf_firma|d,gar_merci|d,gar_ipoteca|d,gar_personale|d,gar_altre|d,gar_obbl_pr_emiss|d,gar_obbl_b_centr|d,gar_obbl_altre|d,gar_dep_denaro|d,gar_cd_pr_emiss|d,gar_altri_valori|d,valore_dossier|d,fido_deriv|d,saldo_cont|d,saldo_cont_dare|d,saldo_cont_avere|d,part_illiq_sbf|d,ind_util_fido_med|d,imp_fido_acc_firma|d,imp_utilizzo_firma|d,imp_gar_pers_cred|d,imp_sal_lq_med_dar|d,imp_utilizzo_cassa|d,imp_der_val_int_ps|d,imp_der_val_int_ng|d,imp_gpm_alt_ban|d,val_stima_bene_1552|d,val_mercato_immobile_4422|d,gar_titoli_6998|d,gar_pers_6970|d,d6750_fair_value|d,d6755_costo_ammort|d,utilizzo_titoli|d,imp_accor_solo_ope|d";"NESSUNO"
"S";";";"false";"urtp";"urtp_stg";"cd_istituto|s,ndg|s,sportello|s,conto|s,progr_segmento|s,dt_riferimento|i,fido_ope_cassa|d,fido_ope_firma|d,n_mov_avere|i,numeri_debitori|i,saldo_cont_avere|d,imp_accordato|d,margine_fido_rev|d,margine_fido_irrev|d,gg_saldo_disp_dare|i,fido_non_oper_fir|d,fido_non_oper_cas|d,saldo_cont_dare|d,gg_da_scad_a_dt_rf|i,utilizz_cassa_firm|d,cd_prodotto_rischi|s,ind_gar_non_rich|s,ass_trz_ins_ng_sbf|d,imp_fido_acc_firma|d,imp_utilizzo_firma|d,imp_sal_lq_med_dar|d,utilizz_conti_vari|d,dt_pr_pt_conti_var|i,gg_sconfino|i";"NESSUNO"
"S";";";"false";"urtt";"urtt_stg";"cd_istituto|s,ndg|s,sportello|s,conto|s,progr_segmento|s,dt_riferimento|i,conto_esteso|s,forma_tecnica|s,flag_durata_contr|s,cred_agevolato|s,operazione_pool|s,dt_accensione|i,dt_estinzione|i,dt_scadenza|i,organo_deliber|s,dt_delibera|i,dt_scad_fido|i,origine_rapporto|s,tp_ammortamento|s,tp_rapporto|s,period_liquid|s,freq_remargining|s,cd_prodotto_ris|s,durata_originaria|s,divisa|s,score_erogaz|i,durata_residua|s,categoria_sof|s,categoria_inc|s,dur_res_default|s,flag_margine|s,dt_entrata_def|i,tp_contr_rapp|s,cd_eplus|s,r792_tipocartol|s,r603_cod_cart|s,r700_clas_strum_fin|s,r703_tipo_saldo|s,r900_italease|s,r634_forbone|s,r635_under_prob|s,r636_non_perf|s,r637_espos_conc|s,r340_status_rapp|s,r076_ben_sosp_rata_mutuo|s,r686_stage_ifrs9|s,r118_sett_alim|s,r940_nat_contr_der|s";"NESSUNO"
"S";";";"false";"urttcf";"urttcf_stg";"cd_istituto|s,ndg|s,sportello|s,conto|s,progr_segmento|s,dt_riferimento|i,conto_esteso|s,forma_tecnica|s,flag_durata_contr|s,cred_agevolato|s,operazione_pool|s,dt_accensione|i,dt_estinzione|i,dt_scadenza|i,organo_deliber|s,dt_delibera|i,dt_scad_fido|i,origine_rapporto|s,tp_ammortamento|s,tp_rapporto|s,period_liquid|s,freq_remargining|s,cd_prodotto_ris|s,durata_originaria|s,divisa|s,score_erogaz|i,durata_residua|s,categoria_sof|s,categoria_inc|s,dur_res_default|s,flag_margine|s,dt_entrata_def|i,tp_contr_rapp|s,cd_eplus|s,r792_tipocartol|s,r603_cod_cart|s,r700_clas_strum_fin|s,r703_tipo_saldo|s,r900_italease|s,r634_forbone|s,r635_under_prob|s,r636_non_perf|s,r637_espos_conc|s,r340_status_rapp|s,r076_ben_sosp_rata_mutuo|s,r686_stage_ifrs9|s,r118_sett_alim|s";"NESSUNO"
"S";";";"false";"usca";"usca_stg";"dt_riferimento|i,cd_ist_cart|s,ndg_cart|s,cd_ist_orig|s,ndg_orig|s,userid_agg|s,data_agg|s";"NESSUNO"
"S";";";"false";"used";"used_stg";"dt_riferimento|s,ndg_gruppo_agr|s,annomese|s,cont|s,segmento|s,cod_motsca|s,flag_soff|s,tipo_seg|s,tot_util_agr|d,tot_acco_agr|d,flag_tipo_bil|s,flag_cr|s,progr_tbil|s,vermot|s,relmot|s,ndg_gruppo_col|s,cd_istituto|s,ndg|s,cod_fiscale|s,sae|s,rae|s,tp_ndg|s,n058_interm_vigil|s,tot_util|d,tot_acco|d,cd_ist_cebi_e|s,ndg_cebi_e|s,codimp_cebi_e|s,tipo_bil_e|s,data_bil_cebi_e|s,anno_rif_cebi_e|s,codtrac_cebi_e|s,strut_cebi_e|s,fatt_att_bil_cebi_e|d,sae_cebi_e|s,rae_cebi_e|s,nat_giur_cebi_e|s,cd_ist_cebi_c|s,ndg_cebi_c|s,codimp_cebi_c|s,tipo_bil_c|s,data_bil_cebi_c|s,anno_rif_cebi_c|s,codtrac_cebi_c|s,strut_cebi_c|s,fatt_att_bil_cebi_c|d,sae_cebi_c|s,rae_cebi_c|s,nat_giur_cebi_c|s,cod_cr|s,annomesecr|s,accordato_cr|d,utilizzo_cr|d,userid_agg|s,data_agg|s,tipo_motore|s,flag_rap_attivi|s,flag_coll_risk|s,flag_pres_agr|s";"NESSUNO"
"S";";";"false";"usedd";"usedd_stg";"dt_riferimento|s,ndg_gruppo_agr|s,annomese|s,cont|s,segmento|s,cod_motsca|s,flag_soff|s,tipo_seg|s,tot_util_agr|d,tot_acco_agr|d,flag_tipo_bil|s,flag_cr|s,progr_tbil|s,vermot|s,relmot|s,ndg_gruppo_col|s,cd_istituto|s,ndg|s,cod_fiscale|s,sae|s,rae|s,tp_ndg|s,n058_interm_vigil|s,tot_util|d,tot_acco|d,cd_ist_cebi_e|s,ndg_cebi_e|s,codimp_cebi_e|s,tipo_bil_e|s,data_bil_cebi_e|s,anno_rif_cebi_e|s,codtrac_cebi_e|s,strut_cebi_e|s,fatt_att_bil_cebi_e|d,sae_cebi_e|s,rae_cebi_e|s,nat_giur_cebi_e|s,cd_ist_cebi_c|s,ndg_cebi_c|s,codimp_cebi_c|s,tipo_bil_c|s,data_bil_cebi_c|s,anno_rif_cebi_c|s,codtrac_cebi_c|s,strut_cebi_c|s,fatt_att_bil_cebi_c|d,sae_cebi_c|s,rae_cebi_c|s,nat_giur_cebi_c|s,cod_cr|s,annomesecr|s,accordato_cr|d,utilizzo_cr|d,userid_agg|s,data_agg|s,tipo_motore|s,flag_rap_attivi|s,flag_coll_risk|s,flag_pres_agr|s";"NESSUNO"
"S";";";"false";"useg";"useg_stg";"dt_riferimento|s,ndg_gruppo_agr|s,cont|s,ndg_gruppo_col|s,cd_istituto|s,ndg|s,segmento|s,userid_agg|s,data_agg|s,flag_segnal|s";"NESSUNO"
"S";";";"false";"usegd";"usegd_stg";"dt_riferimento|s,ndg_gruppo_agr|s,cont|s,ndg_gruppo_col|s,cd_istituto|s,ndg|s,segmento|s,userid_agg|s,data_agg|s,flag_segnal|s";"NESSUNO"
"S";";";"false";"usgc";"usgc_stg";"dt_riferimento|s,cd_istituto|s,ndg|s,tp_segmento|s,cd_segmento|s";"NESSUNO"
"S";";";"false";"usmc";"usmc_stg";"dt_riferimento|i,cod_fiscale|s,cd_istituto|s,ndg|s,cod_fiscale_col|s,segmento|s,tipo_ndg|s,tipo_col|s,data_iniz_val|i,data_fine_val|i";"NESSUNO"
"S";";";"false";"usmd";"usmd_stg";"dt_riferimento|s,cd_istituto|s,ndg|s,segmento|s,ver_segmento|s,err_segmento|s,part_segmento|s,fonte_segmento|s,fonte_bilancio|s,ndg_bilancio|s,codimp|s,databil|i,rifbil|s,codtracbil|s,strutbil|s,provbil|s,attivobil|d,fatturbil|d,formgiubil|s,saebil|s,raebil|s,ciaebil|s,tot_util|d,tot_acco|d";"NESSUNO"
"S";";";"false";"usmi";"usmi_stg";"dt_riferimento|s,cd_ist_seg|s,cd_istituto|s,ndg_seg|s,ndg|s,cd_ist_seg_orig|s,segmento|s,ndg_seg_orig|s,data_segm_soff|i";"NESSUNO"
"S";";";"false";"usmp";"usmp_stg";"dt_riferimento|i,cod_fiscale|s,segmento|s,ver_segmento|s,motivo_ns|s,fonte_segmento|s,nat_giur_segm|s,sae_segm|s,rae_segm|s,prov_segm|s,codimp|s,databil|i,strutbil|s,attivobil|d,fatturbil|d,tot_util|d,tot_acco|d,utiliz_cr|d,accope_cr|d";"NESSUNO"
"S";";";"false";"tlbcracd";"tlbcracd_stg";"dt_riferimento|i,cd_istituto|s,ndg|s,cod_raccordo|s,data_val|i";"NESSUNO"
"S";";";"false";"tlbcrac";"tlbcrac_stg";"dt_riferimento|i,cd_istituto|s,ndg|s,cod_raccordo|s,data_val|i";"NESSUNO"
"S";";";"false";"sgct";"sgct_stg";"dt_riferimento|i,cd_istituto|s,ndg|s,tp_segmento|s,cd_segmento|s";"NESSUNO"
"S";";";"false";"utit";"utit_stg";"cd_istituto|s,dt_riferimento|s,ndg_bnc_segn|s,ndg_emit_tit|s,sportello|s,conto|s,conto_esteso|s,forma_tecnica|s,cod_tit_interno|s,cod_tit_isin|s,esposizione|d,cd_eplus|s";"NESSUNO"
"S";";";"false";"ciclidefg";"ciclidefg_stg";"cd_istituto|s,ndg_gruppo|s,ndg_prevalente|s,c_key|s,dt_inizio_ciclo|s,dt_ingresso_status|s,status_ingresso|s,dt_uscita_status|s,status_uscita|s,dt_fine_ciclo|s,indi_pastdue|s,indi_impr_priv|s,segmento|s,tp_ndg|s,tot_acco|d,tot_util|d,totaccordatodatdef|d,totaccordatodatdef_op|d,totaccordatodatdef_non_op|d,totaccordatodatdef_solo_op|d,tot_accordato_bo_op|d,tot_accordato_ca_op|d";"NESSUNO"
"S";";";"false";"rcon";"rcon_stg";"cd_ist_old|s,ndg_old|s,sportello_old|s,conto_old|s,progr_segm_old|s,cd_ist_new|s,ndg_new|s,sportello_new|s,conto_new|s,progr_segm_new|s,tipo_operazione|s,cod_migrazione|s,data_operazione|s,flag_xx|s";"NESSUNO"
"S";";";"false";"movpaspe";"movpaspe_stg";"dt_riferimento|s,dt_elaborazione|s,dt_richiesta|s,abi|s,istituto|s,ndg|s,status|s,rapporto_orig|s,filiale_rapporto|s,categoria_rapporto|s,sottocategoria_rapporto|s,codice_rapporto|s,data_operazione|s,causale|s,importo|d,istituto_orig|s,ndg_orig|s,rapp_orig|s,chiave_sisba|s,ft_sisba|s,saldo_originario_anagrafico|d,saldo_rapporto_analitico|d,flag_xx|s";"NESSUNO"
"S";";";"false";"cdf";"creditifirma_stg";"dt_riferimento|s,abi|s,ndg|s,num_pratica|s,sportello|s,conto|s,imp_gar_orig|d,imp_gar_orig_div|d,imp_gar_att|d,imp_gar_att_div|d,dt_mov|s,num_mov|s,progr_mov|s,imp_mov|d,imp_mov_div|d,tipo_mov|s,divisa_orig|s,tasso_di_cambio|d,flag_gre|s,abi_gre|s,ndg_gre|s,serv_gre|s,sportello_gre|s,num_conto_gre|s,conto_gre|s,imp_comm|d,imp_comm_div|d,flag_addebito|s,abi_addebito|s,ndg_addebito|s,serv_addebito|s,sportello_addebito|s,num_conto_addebito|s,conto_addebito|s,flag_leasing|s,flag_beneficiario_infragruppo|s,dt_elab|s";"NESSUNO"
"S";";";"false";"jxd9";"jxd9_stg";"istricsof|s,ndgricsof|s,numricsof|s,istcedsof|s,ndgcedsof|s,numcedsof|s,data_primo_fine_me|s";"NESSUNO"
"S";";";"false";"mign";"mignw_stg";"cd_isti_ced|s,ndg_ced|s,cd_abi_ced|s,cd_isti_ric|s,ndg_ric|s,cd_abi_ric|s,fl01_anag|s,fl02_anag|s,fl03_anag|s,fl04_anag|s,fl05_anag|s,fl06_anag|s,fl07_anag|s,fl08_anag|s,fl09_anag|s,fl10_anag|s,cod_migraz|s,data_migraz|s,data_ini_appl|s,data_fin_appl|s,data_ini_appl2|s";"NESSUNO"
"S";";";"false";"garan";"garan_stg";"cd_ist|s,trk|s,gb00403|s,suff2|s,suff1|s,ndg|s,gb00002|s,sport|s,conto|s,datrif|s,gb00017|s,gb00006|s,gb00007|s,gb00008|s,gbr0006|d,gb00010|d,gb03011|i,gb00012|s,gb00013|s,gb00015|s,gb00016|s,gb01039|s,gb03518|s,gb00511|i,gb00510|s,gb00021|s,gb03513|i,gb00040|s,gb00043|s,gb00045|s,gb00118|i,gb00046|s,gb00049|s,gb00050|d,gb00025|s,gb00026|s,gb00027|s,gb00028|s,gb00029|s,gb00030|s,gb00031|s,gb00032|s,gb00033|s,gb00034|s,gb00035|s,gb00036|s,conto_sisba|s,stat_cons|s,descriz|s,tipol_gar|s,crit_val|s,codt11|s,perc_sisba|s,ars|s,cf_crits|s,gar_reale|s,att_rapp|s,gar_limitat|s,gar_dossier|s,gar_convenz|s,gar_rientro|s,codice_specie|i,codice_sottospecie|i,percentuale_f_g|d,ltv_rapp_all|d,ltv_rapp_elig|d,ltv_rapp_notelig|d,ltv_ctp_all|d,ltv_ctp_elig|d,ltv_ctp_notelig|d,flg_fv_garan|s,flg_fv_rapp_all|s,flg_fv_rapp_elig|s,flg_fv_rapp_notelig|s,flg_fv_ctp_all|s,flg_fv_ctp_elig|s,flg_fv_ctp_notelig|s,cd_ist_orig|s,flag_trascinamento|s,gb01161|s,gb01162|s";"NESSUNO"
"S";";";"false";"mappagruppo";"mappagruppo_stg";"azienda|s,codice_fiscale|s,partita_iva|s,codice_uic_estero|s,perc_interessenza|s,tipo_consolid|s,id_holding|s,metodo_consolid_per_hold|s,cod_bk_orig|s,perc_consolidamento|s,risk_cons|s,id|s,m|s,n|s,o|s";"NESSUNO"
"S";";";"false";"movsoff";"movsoff_stg";"dt_riferimento|s,istituto|s,ndg|s,sportello|s,conto|s,conto_esteso|s,num_soff|s,cat_rapp_soff|s,fil_rapp_soff|s,num_rapp_soff|s,id_movimento|s,categoria|s,causale|s,dt_contabile|s,dt_valuta|s,imp_movimento|d,flag_extracont|s,flag_storno|s,istituto_orig|s,ndg_orig|s,flag_incasso|s,desc_id_mov|s";"NESSUNO"
"S";";";"false";"umov";"umov_stg";"cd_istituto|s,ndg|s,dt_riferimento|s,sportello|s,conto|s,inter_credit_liqui|d,inter_debit_liqui|d,commis_max_scop_liqui|d,spese_varia_liqui|d,commis_max_scop_anterg|d,commis_istr_post_usura|d,inter_dare_liqui_est|d,inter_avere_liqui_est|d,spese_commis_est|d,ndg_regolamento|s,sportello_regolamento|s,conto_regolamento|s,mov_dare|d,mov_dare_storni|d,mov_avere|d,mov_avere_versamenti_assegni|d,mov_avere_storni|d,mov_avere_competenze|d,additional_drawings|d,spese_commis_dare_est|d,spese_commis_avere_est|d,capitale_dare|d,capitale_avere|d,inter_deb_entro|d,inter_deb_entro_cc|d,inter_deb_entro_sbf|d,inter_deb_extra|d,inter_deb_extra_scf|d,inter_deb_extra_scp|d";"NESSUNO"
"S";";";"false";"fidrap";"fidi_rapporti_stg";"data_riferimento|s,cd_istituto|s,ndg|s,num_fido|s,cd_fido|s,imp_deliberato|d,imp_residuo|d,data_delibera|s,data_scadenza|s,dato|s,imp_quota|d,sport|s,conto|s,forma_tecnica|s,flag_margine|s,operativita|s,fido_di_grup|s";"NESSUNO"
"S";";";"false";"mrtp";"mrtp_stg";"cd_istituto|s,ndg|s,sportello|s,conto|s,progr_segmento|s,dt_riferimento|s,fido_ope_cassa|d,fido_ope_firma|d,n_mov_avere|d,numeri_debitori|d,saldo_cont_avere|d,imp_accordato|d,margine_fido_rev|d,margine_fido_irrev|d,gg_saldo_disp_dare|d,fido_non_oper_fir|d,fido_non_oper_cas|d,saldo_cont_dare|d,gg_da_scad_a_dt_rf|d,utilizz_cassa_firm|d,cd_prodotto_rischi|s,ind_gar_non_rich|s,ass_trz_ins_ng_sbf|d,imp_fido_acc_firma|d,imp_utilizzo_firma|d,imp_sal_lq_med_dar|d,utilizz_conti_vari|d,dt_pr_pt_conti_var|s,gg_sconfino|i";"NESSUNO"
"S";";";"false";"conco";"conco_stg";"istituto|s,driferim|s,fincsoff|s,cpratica|s,cndg|s,cproconc|s,zproconc|s,ddecorre|s,dchiusur|s,dinserim|s,cist_migra|s,cpra_migra|s,cndg_migra|s";"NESSUNO"
"S";";";"false";"wrtoff";"wrtoff_stg";"dt_riferimento|s,dt_elaborazione|s,dt_richiesta|s,abi|s,istituto|s,ndg|s,status|s,rapporto_orig|s,filiale_rapporto|s,categoria_rapporto|s,sottocategoria_rapporto|s,codice_rapporto|s,data_operazione|s,causale|s,importo|d,istituto_orig|s,ndg_orig|s,rapp_orig|s,chiave_sisba|s,ft_sisba|s,saldo_originario_anagrafico|d,saldo_rapporto_analitico|d,eccedenza|d";"NESSUNO"
"S";";";"false";"concoutp";"conco_utp_stg";"istituto|s,driferim|s,fincsoff|s,cpratica|s,cndg|s,cproconc|s,zproconc|s,ddecorre|s,dchiusur|s,dinserim|s,cist_migra|s,cpra_migra|s,cndg_migra|s ";"NESSUNO"
"S";";";"false";"rapporiggaranltv";"rapporig_garan_ltv_stg";"azi|s,ndg|s,sport|s,conto|s,ltv_rapp_all|d,ltv_rapp_elig|d,ltv_rapp_notelig|d,ltv_ctp_all|d,ltv_ctp_elig|d,ltv_ctp_notelig|d";"NESSUNO"
"S";";";"false";"trascinamentigaran";"trascinamenti_garan_stg";"cd_ist_o|s,ndg_o|s,sport_o|s,conto_o|s,cd_ist_t|s,ndg_t|s,sport_t|s,conto_t|s,gb00002|s";"NESSUNO"
"S";";";"false";"estrazbenistorico";"estraz_beni_storico_stg";"ikcodabi|s,ikidbene|s,ikcodctc|s,ikcodtbe|s,ikcodmzn|s,ikcommzn|s,ikcapmzn|s,ikbenpro|s,ikbenloc|s,ikbencap|s,ikcattip|s,ikcatmap|s,ikcatsub|s,ikcatfog|s,ikindirizzo|s,ape_id|s,ape_dt_emissione|s,ape_tipologia|s,ape_classe_e|s,ape_regolamento_costr|s,ape_dt_scadenza|s,ape_indice_ep_nren|s,ape_stima_emissioni_co2|s,ape_superf_risc|s,ape_indice_ep_tot|s,codice_istituto|s,flag_origine|s";"NESSUNO"
"S";";";"false";"beniinfocredit";"beni_infocredit_run_stg";"flag_origine|s,ikcodabi|s,ikidbene|s,ikcodctc|s,ikcodtbe|s,ikcodmzn|s,ikcommzn|s,ikcapmzn|s,ikbenpro|s,ikbenloc|s,ikbencap|s,ikcattip|s,ikcatmap|s,ikcatsub|s,ikcatfog|s,indirizzo|s,ape_id|s,ape_dt_emissione|s,ape_tipologia|s,ape_classe_e|s,ape_regolamento_costr|s,ape_dt_scadenza|s,ape_indice_ep_nren|s,ape_stima_emissioni_co2|s,ape_superf_risc|s,ape_indice_ep_tot|s,codice_istituto|s,bene_perimetro_epc|s,data_rif|s,ndg|s,denominazione|s,stato_amministrativo|s,abi|s,identificativo_garanzia|s,identificativo_bene|s,codice_specie|s,codice_sottospecie|s,descrizione_specie|s,descrizione_sottospecie|s,identificativo_gravame_esterno|s,importo_gravame_esterno|s,grado_sostanziale_gravame_esterno|s,grado_ipoteca_formale|s,grado_ipoteca_sostanziale|s,quota_banca_in_pool|s,categoria_catastale|s,descrizione_bene|s,tipo_bene|s,descrizione_tipo_bene|s,immobile_in_costruzione|s,tipologia_immobile|s,ubicazione|s,presenza_procedura|s,presenza_asta|s,data_ctu|s,valore_ctu|s,data_ultima_perizia_banca|s,valore_ultima_perizia_banca|s,data_ultima_perizia_vp|s,valore_ultima_perizia_vp|s,data_asta|s,numero_asta|s,valore_base_asta|s,valore_asta|s,valore_bene_sal|s,valore_bene_fine_lavori|s,valore_bene|s,valore_bene_statistico|s,superficie_immobile|d";"NESSUNO"
"S";";";"false";"cr050344";"cr050344_stg";"data_rif|s,istituto|s,abi|s,ndg|s,cod_cr|s";"NESSUNO"
"S";";";"false";"cr030452";"cr030452_stg";"data_rif|s,istituto|s,abi|s,ndg|s,cod_cr|s";"NESSUNO"
"S";";";"false";"cr031021";"cr031021_stg";"data_rif|s,istituto|s,abi|s,ndg|s,cod_cr|s";"NESSUNO"
"S";";";"false";"cr335612";"cr335612_stg";"data_rif|s,istituto|s,abi|s,ndg|s,cod_cr|s";"NESSUNO"
"S";";";"false";"cr334714";"cr334714_stg";"data_rif|s,istituto|s,abi|s,ndg|s,cod_cr|s";"NESSUNO"
"S";";";"false";"cr331397";"cr331397_stg";"data_rif|s,istituto|s,abi|s,ndg|s,cod_cr|s";"NESSUNO"
"S";";";"false";"cr310045";"cr310045_stg";"data_rif|s,istituto|s,abi|s,ndg|s,cod_cr|s";"NESSUNO"
"S";";";"false";"cr332593";"cr332593_stg";"data_rif|s,istituto|s,abi|s,ndg|s,cod_cr|s";"NESSUNO"
"S";";";"false";"cr05188";"cr05188_stg";"data_rif|s,istituto|s,abi|s,ndg|s,cod_cr|s";"NESSUNO"
"S";";";"false";"cr03336";"cr03336_stg";"data_rif|s,istituto|s,abi|s,ndg|s,cod_cr|s";"NESSUNO"
"S";";";"false";"cr05608";"cr05608_stg";"data_rif|s,istituto|s,abi|s,ndg|s,cod_cr|s";"NESSUNO"
"S";";";"false";"cr05164";"cr05164_stg";"data_rif|s,istituto|s,abi|s,ndg|s,cod_cr|s";"NESSUNO"
"S";";";"false";"cr05228";"cr05228_stg";"data_rif|s,istituto|s,abi|s,ndg|s,cod_cr|s";"NESSUNO"
"S";";";"false";"cr10632";"cr10632_stg";"data_rif|s,istituto|s,abi|s,ndg|s,cod_cr|s";"NESSUNO"
"S";";";"false";"cr06200";"cr06200_stg";"data_rif|s,istituto|s,abi|s,ndg|s,cod_cr|s";"NESSUNO"
"S";";";"false";"cr05512";"cr05512_stg";"data_rif|s,istituto|s,abi|s,ndg|s,cod_cr|s";"NESSUNO"
"S";";";"false";"cr50344";"cr50344_stg";"data_rif|s,istituto|s,abi|s,ndg|s,cod_cr|s";"NESSUNO"
"S";";";"false";"cr05584";"cr05584_stg";"data_rif|s,istituto|s,abi|s,ndg|s,cod_cr|s";"NESSUNO"
"S";";";"false";"tagr";"tagrdod_stg";"dt_riferimento|s,ndg_gruppo|s,cd_fiscale|s,abi_bca_rif|s,tot_accordato|d,tot_utilizzo|d,flag_status_ctp|s,flag_rapp_attivi|s,flag_coll_risk|s,natgiur_bca_rif|s,sae_bca_rif|s,rae_bca_rif|s,n058_bca_rif|s,flag_pres_di|s,flag_co_solo_pf|s,fl_esclusivo_ita|s,tot_accordato_con_ita|d,tot_utilizzato_con_ita|d,fl_rapp_attivi_ita|s";"NESSUNO"
"S";";";"false";"tdet";"tdetdod_stg";"dt_riferimento|s,ndg_gru_princ|s,ndg_gr_coll|s,cd_istituto|s,ndg|s,abi_bca_rif|s,cd_fiscale|s,natgiur|s,sae|s,rae|s,n058|s,tot_accordato|d,tot_utilizzo|d,status_ctp|s,flag_rap_attivi|s,flag_coll_risk|s,flag_pres_di|s,flag_co_solo_pf|s,fl_esclusivo_ita|s,tot_accordato_con_ita|d,tot_utilizzato_con_ita|d,fl_rapp_attivi_ita|s";"NESSUNO"
"S";";";"false";"migrpmutelise";"migr_pmut_elise_stg";"data_migrazione|s,rapporto_elise|s,rapporto_pmut|s,abi_origine|s,ambiente_origine|s,ndg_banco|s,ndg_origine|s";"NESSUNO"
"S";";";"false";"rappinfoc";"rapp_anagrafici_infoc_stg";"dt_riferimento|s,cd_istituto|s,abi|s,ndg_intest_rischio|s,numero_fido|s,sigla_linea_credito_fidi|s,desc_linea_credito_fidi|s,saldo_linea_credito_fidi|d,sigla_linea_credito_lcre|s,desc_linea_credito_lcre|s,accordato_linea|d,utilizzato_linea|d,margine_linea|d,utilizzato_rapporto|d,limite_di_utilizzo|d,servizio_anagrafico|s,numero_rapporto_anagrafico|s,desc_categoria_rapporto|s,categoria_rapporto_anagrafico|s,sportello_rapp|s,conto|s,flag_promiscuo|s,saldi_creditori|d";"NESSUNO"
"S";";";"false";"racexbpm";"rac_fidorapp_exbpm_stg";"data_rif|s,cd_isti|s,ndg|s,num_fido|s,cod_fido|s,imp_deliberato|d,imp_residuo|d,data_delibera|s,data_scadenza|s,dato|s,imp_quota|d,sportello|s,conto|s,f_tec|s,flag_margine|s,operat|s";"NESSUNO"
"S";";";"false";"movsofftmp";"movsoff_tmp_stg";"dt_riferimento|s,istituto|s,ndg|s,sportello|s,conto|s,conto_esteso|s,num_soff|s,cat_rapp_soff|s,fil_rapp_soff|s,num_rapp_soff|s,id_movimento|s,categoria|s,causale|s,dt_contabile|s,dt_valuta|s,imp_movimento|d,flag_extracont|s,flag_storno|s,istituto_orig|s,ndg_orig|s,flag_incasso|s,desc_id_mov|s";"NESSUNO"
"S";";";"false";"racn";"racn_stg";"cd_ist_dblab|s,ndg_dblab|s,cd_ist_exbpm|s,ndg_exbpm|s,not_used|s";"NESSUNO"
"S";";";"false";"flussogaran";"poc_dq_flusso_garan";"cd_ist|s,trk|s,gb00403|s,suff2|s,suff1|s,ndg|s,gb00002|s,sport|s,conto|s,datrif|s,gb00017|s,gb00006|s,gb00007|s,gb00008|s,gbr0006|d,gb00010|d,gb03011|d,gb00012|s,gb00013|s,gb00015|s,gb00016|s,gb01039|s,gb03518|s,gb00511|s,gb00510|s,gb00021|s,gb03513|s,gb00040|s,gb00043|s,gb00045|s,gb00118|s,gb00046|s,gb00049|s,gb00050|d,gb00025|s,gb00026|s,gb00027|s,gb00028|s,gb00029|s,gb00030|s,gb00031|s,gb00032|s,gb00033|s,gb00034|s,gb00035|s,gb00036|s,blank|s,stat_cons|s,descriz|s,tipol_gar|s,crit_val|s,codt11|s,perc_sisba|s,ars|s,cf_crits|s,gar_reale|s,att_rapp|s,gar_limitat|s,gar_dossier|s,gar_convenz|s,gar_rientro|s,codice_specie|s,codice_sottospecie|s,percentuale_f_g|s,ltv_rapp_all|d,ltv_rapp_elig|d,ltv_rapp_notelig|d,ltv_ctp_all|d,ltv_ctp_elig|d,ltv_ctp_notelig|d,flg_fv_garan|s,flg_fv_rapp_all|s,flg_fv_rapp_elig|s,flg_fv_rapp_notelig|s,flg_fv_ctp_all|s,flg_fv_ctp_elig|s,flg_fv_ctp_notelig|s,cd_ist_orig|s,flag_trascinamento|s,gb01161|s,gb01162|s";"NESSUNO"
"S";";";"false";"runfidgar";"poc_dq_running_fidgar";"data_riferimento|s,codice_abi|s,codice_ndg_garantito|s,codice_garanzia|s,codice_specie|s,codice_sottospecie|s,percentuale|d";"NESSUNO"
"S";";";"false";"sndg";"poc_dq_s_ndg";"cod_azienda|s,ndg|s,data_riferimento|s,periodo|s,ltv_ctp_all|d,ltv_ctp_ammissibili|d,ltv_ctp_non_ammiss|d,flag_anag_ammissibili|s,flag_anag_all|s,flag_anag_non_ammiss|s";"NESSUNO"
"S";";";"false";"trk200";"poc_dq_trk200";"cd_ist|s,trk|s,gb00403|s,suff2|s,suff1|s,ndg|s,gb00002|s,sport|s,conto|s,datrif|s,gb00017|s,gb00006|s,gb00007|s,gb00008|s,gbr0006|d,gb00010|d,gb03011|i,gb00012|s,gb00013|s,gb00015|s,gb00016|s,gb01039|s,gb03518|s,gb00511|d,gb00510|s,gb00021|s,gb03513|d,gb00040|s,gb00043|s,gb00045|s,gb00118|s,gb00046|s,gb00049|s,gb00050|d,gb00025|s,gb00026|s,gb00027|s,gb00028|s,gb00029|s,gb00030|s,gb00031|s,gb00032|s,gb00033|s,gb00034|s,gb00035|s,gb00036|s,gb01161|s,gb01162|s,f_tec|s,r022|s,d0170|s,sorgente|s";"NESSUNO"
"S";";";"false";"rapperdstorico";"rapperd_storico_stg";"dt_riferimento|s,dt_elaborazione|s,dt_richiesta|s,abi|s,cd_istituto|s,ndg|s,status|s,rapporto_orig|s,filiale_rapporto|s,categoria_rapporto|s,sottocategoria_rapporto|s,codice_rapporto|s,data_operazione|s,causale|s,importo|d,istituto_orig|s,ndg_orig|s,rapp_orig|s,chiave_sisba|s,ft_sisba|s,saldo_originario_anagrafico|d,saldo_rapporto_analitico|d";"NESSUNO"
"S";";";"false";"t09fidostorico";"t09_desc_fido_storico_stg";"tabella|s,codice_fido|s,descrizione|s";"NESSUNO"
"S";";";"false";"t09fidorun";"t09_desc_fido_run_stg";"tabella|s,codice_fido|s,descrizione|s";"NESSUNO"